{"cameraMode":{"drawMode":0,"name":"Shaded","section":"Shading Mode"},"sceneLighting":true,"audioPlay":false,"sceneViewState":{"m_AlwaysRefresh":false,"showFog":true,"showSkybox":true,"showFlares":true,"showImageEffects":true,"showParticleSystems":true,"showVisualEffectGraphs":true,"m_FxEnabled":true},"in2DMode":false,"pivot":{"x":6.203845500946045,"y":-3.0187885761260988,"z":19.579944610595704},"rotation":{"x":0.06676268577575684,"y":0.16843241453170777,"z":-0.01153966598212719,"w":0.9833366870880127},"size":10.119812965393067,"orthographic":false}