{"cameraMode":{"drawMode":0,"name":"Shaded","section":"Shading Mode"},"sceneLighting":false,"audioPlay":false,"sceneViewState":{"m_AlwaysRefresh":false,"showFog":true,"showSkybox":false,"showFlares":true,"showImageEffects":true,"showParticleSystems":true,"showVisualEffectGraphs":true,"m_FxEnabled":true},"in2DMode":false,"pivot":{"x":-0.24300439655780793,"y":-0.00577571289613843,"z":1.0175575017929078},"rotation":{"x":0.14228859543800355,"y":-0.14331956207752229,"z":0.02083512768149376,"w":0.9791520833969116},"size":0.41137826442718508,"orthographic":false}