{"cameraMode":{"drawMode":0,"name":"Shaded","section":"Shading Mode"},"sceneLighting":false,"audioPlay":false,"sceneViewState":{"m_AlwaysRefresh":false,"showFog":true,"showSkybox":false,"showFlares":true,"showImageEffects":true,"showParticleSystems":true,"showVisualEffectGraphs":true,"m_FxEnabled":true},"in2DMode":false,"pivot":{"x":-0.05073279142379761,"y":-0.09573780000209809,"z":1.043272614479065},"rotation":{"x":0.10945063084363938,"y":0.047826383262872699,"z":-0.005363652016967535,"w":0.9927802085876465},"size":0.41137823462486269,"orthographic":false}