{"cameraMode":{"drawMode":0,"name":"Shaded","section":"Shading Mode"},"sceneLighting":false,"audioPlay":false,"sceneViewState":{"m_AlwaysRefresh":false,"showFog":true,"showSkybox":false,"showFlares":true,"showImageEffects":true,"showParticleSystems":true,"showVisualEffectGraphs":true,"m_FxEnabled":true},"in2DMode":false,"pivot":{"x":0.08611054718494415,"y":0.10408854484558106,"z":-0.8331356048583984},"rotation":{"x":0.05389983579516411,"y":-0.3374822735786438,"z":0.019375033676624299,"w":0.939562201499939},"size":0.17325203120708466,"orthographic":false}